handle	kind	old_id	new_id	old_path	new_path	title
jirin	TODO	TODO-001	TODO-jirin	TODO/001-decomk-devcontainer-tool-bootstrap.md	TODO/TODO-jirin-decomk-devcontainer-tool-bootstrap.md	decomk: isconf-like devcontainer tool bootstrap
fitus	TODO	TODO-002	TODO-fitus	TODO/002-decomk-architecture.md	TODO/TODO-fitus-decomk-architecture.md	decomk: software architecture
gazot	TODO	TODO-003	TODO-gazot	TODO/003-decomk-state-engine.md	TODO/TODO-gazot-decomk-state-engine.md	decomk: state engine (make vs alternatives) + lunamake review
takoh	TODO	TODO-004	TODO-takoh	TODO/004-isconf-flow-alignment.md	TODO/TODO-takoh-isconf-flow-alignment.md	decomk: align flow with isconf (identity → vars → PACKAGES → make)
mirut	TODO	TODO-005	TODO-mirut	TODO/005-decomk-log-dir-and-terminology.md	TODO/TODO-mirut-decomk-log-dir-and-terminology.md	decomk: log dir override + naming cleanup
bitum	TODO	TODO-006	TODO-bitum	TODO/006-decomk-user-customization-via-github-user.md	TODO/TODO-bitum-decomk-user-customization-via-github-user.md	decomk: user customization via GITHUB_USER
fuviv	TODO	TODO-007	TODO-fuviv	TODO/007-devpod-gcp-selfhost-migration.md	TODO/TODO-fuviv-devpod-gcp-selfhost-migration.md	decomk: migrate from Codespaces to DevPod on self-hosted GCP
gamuz	TODO	TODO-008	TODO-gamuz	TODO/008-no-silent-failures.md	TODO/TODO-gamuz-no-silent-failures.md	decomk: no silent failures + explicit error handling
dahuk	TODO	TODO-009	TODO-dahuk	TODO/009-phase-eval-lifecycle-spike.md	TODO/TODO-dahuk-phase-eval-lifecycle-spike.md	phase-eval: empirical lifecycle spike for devcontainer/DevPod/Codespaces
topan	TODO	TODO-010	TODO-topan	TODO/010-codespaces-block-prebuild-profiles.md	TODO/TODO-topan-codespaces-block-prebuild-profiles.md	codespaces: block-specific devcontainer prebuild profiles
luvov	TODO	TODO-011	TODO-luvov	TODO/011-single-path-checkpoints.md	TODO/TODO-luvov-single-path-checkpoints.md	single-path checkpoints
dobup	TODO	TODO-012	TODO-dobup	TODO/012-mob-sandbox-pilot.md	TODO/TODO-dobup-mob-sandbox-pilot.md	mob-sandbox pilot for decomk stage-0
rufiz	TODO	TODO-013	TODO-rufiz	TODO/013-conf-repo-init-scaffolding.md	TODO/TODO-rufiz-conf-repo-init-scaffolding.md	conf repo init scaffolding (`decomk init -conf`)
hunit	TODO	TODO-014	TODO-hunit	TODO/014-apt-package-retention-strategy.md	TODO/TODO-hunit-apt-package-retention-strategy.md	apt package retention strategy
hukuv	TODO	TODO-015	TODO-hukuv	TODO/015-mob-sandbox-prebuild-var-perms-via-checkpoint-image.md	TODO/TODO-hukuv-mob-sandbox-prebuild-var-perms-via-checkpoint-image.md	mob-sandbox prebuild `/var/*` permissions via checkpoint image
danih	TODO	TODO-016	TODO-danih	TODO/016-consumer-init-minimal-template-and-image-source.md	TODO/TODO-danih-consumer-init-minimal-template-and-image-source.md	Consumer `decomk init` minimal template + image-source prompt rework
punab	TODO	TODO-017	TODO-punab	TODO/017-channel-branch-rendering-and-promotion.md	TODO/TODO-punab-channel-branch-rendering-and-promotion.md	channel branch rendering and promotion
dajos	TODO	TODO-018	TODO-dajos	TODO/018-rendered-devcontainer-comment-preservation.md	TODO/TODO-dajos-rendered-devcontainer-comment-preservation.md	rendered devcontainer comment preservation
vimoj	TODO	TODO-019	TODO-vimoj	TODO/019-image-owned-go-toolchain.md	TODO/TODO-vimoj-image-owned-go-toolchain.md	decomk-side Go toolchain boundary
baras	TE	TE-20260428-020715	TE-baras	docs/thought-experiments/TE-20260428-020715-consumer-init-image-source.md	docs/thought-experiments/TE-baras-consumer-init-image-source.md	Thought Experiment: Consumer init image-source UX
jajov	TE	TE-20260428-023011	TE-jajov	docs/thought-experiments/TE-20260428-023011-template-architecture.md	docs/thought-experiments/TE-jajov-template-architecture.md	Thought Experiment: Init template architecture split
jidus	TE	TE-20260507-133819	TE-jidus	docs/thought-experiments/TE-20260507-133819-branch-channel-renderer.md	docs/thought-experiments/TE-jidus-branch-channel-renderer.md	Thought Experiment: Branch Channel Renderer
kutod	DI	DI-001-20260309-172358	DI-kutod	TODO/001-decomk-devcontainer-tool-bootstrap.md#DI-001-20260309-172358	TODO/TODO-jirin-decomk-devcontainer-tool-bootstrap.md#DI-kutod	Default to running `make` as root (via passwordless `sudo -n` when needed), export `DECOMK_DEV_USER`/`DECOMK_MAKE_USER` so Makefiles can drop privileges explicitly, and avoid guessing dev usernames in the reference devcontainer bootstrap (warn + run as root when unknown).
votit	DI	DI-001-20260311-161825	DI-votit	TODO/001-decomk-devcontainer-tool-bootstrap.md#DI-001-20260311-161825	TODO/TODO-jirin-decomk-devcontainer-tool-bootstrap.md#DI-votit	Add a first-class `decomk init` subcommand that installs `.devcontainer/devcontainer.json` and `.devcontainer/postCreateCommand.sh` from templates embedded in the decomk binary, using CLI flags or interactive prompts to populate workspace-specific values.
lutun	DI	DI-001-20260311-163942	DI-lutun	TODO/001-decomk-devcontainer-tool-bootstrap.md#DI-001-20260311-163942	TODO/TODO-jirin-decomk-devcontainer-tool-bootstrap.md#DI-lutun	Make stage-0 tool bootstrap install-first by default (`go install`), with optional clone mode that runs `go install ./cmd/decomk` in a pulled repo.
kobip	DI	DI-001-20260311-164841	DI-kobip	TODO/001-decomk-devcontainer-tool-bootstrap.md#DI-001-20260311-164841	TODO/TODO-jirin-decomk-devcontainer-tool-bootstrap.md#DI-kobip	When `decomk init` is run without `-repo-root`, resolve the target repo to the git toplevel of the current working directory instead of using `.`.
hojij	DI	DI-001-20260311-175002	DI-hojij	TODO/001-decomk-devcontainer-tool-bootstrap.md#DI-001-20260311-175002	TODO/TODO-jirin-decomk-devcontainer-tool-bootstrap.md#DI-hojij	Make scaffold file writes atomic in `decomk init`, and validate `DECOMK_TOOL_INSTALL_PKG` only when `DECOMK_TOOL_MODE=install`.
vafak	DI	DI-001-20260312-130300	DI-vafak	TODO/001-decomk-devcontainer-tool-bootstrap.md#DI-001-20260312-130300	TODO/TODO-jirin-decomk-devcontainer-tool-bootstrap.md#DI-vafak	Use one canonical scaffold template contract (`cmd/decomk/templates/*`) for `decomk init` and generated example files, with `go generate` + `scaffoldgen` + tests enforcing drift checks.
tikub	DI	DI-001-20260312-141200	DI-tikub	TODO/001-decomk-devcontainer-tool-bootstrap.md#DI-001-20260312-141200	TODO/TODO-jirin-decomk-devcontainer-tool-bootstrap.md#DI-tikub	Rename internal generator/renderer naming from `scaffold`/`scaffoldgen` to `stage0`/`stage0gen`.
vukaz	DI	DI-001-20260313-174538	DI-vukaz	TODO/001-decomk-devcontainer-tool-bootstrap.md#DI-001-20260313-174538	TODO/TODO-jirin-decomk-devcontainer-tool-bootstrap.md#DI-vukaz	Keep tuple-driven `PATH` behavior in the canonical cooked env contract and do not split launcher-path semantics from make/recipe env semantics.
zugaf	DI	DI-001-20260313-183500	DI-zugaf	TODO/001-decomk-devcontainer-tool-bootstrap.md#DI-001-20260313-183500	TODO/TODO-jirin-decomk-devcontainer-tool-bootstrap.md#DI-zugaf	"Make `examples/devcontainer/devcontainer.json` a standalone runnable example by generating a `build` entry (`Dockerfile`, context `"".""`) and `remoteUser: ""dev""`, and add a companion `examples/devcontainer/Dockerfile`."
vojik	DI	DI-001-20260313-224000	DI-vojik	TODO/001-decomk-devcontainer-tool-bootstrap.md#DI-001-20260313-224000	TODO/TODO-jirin-decomk-devcontainer-tool-bootstrap.md#DI-vojik	Treat env export as a first-class runtime contract by resolving `NAME=$` passthrough tuples against incoming environment values (with prior-tuple fallback and fail-fast when unresolved), auto-carrying incoming `DECOMK_*` vars, and generating both `env.sh` and make invocation variables from one canonical tuple sequence.
rokuk	DI	DI-001-20260412-170500	DI-rokuk	TODO/001-decomk-devcontainer-tool-bootstrap.md#DI-001-20260412-170500	TODO/TODO-jirin-decomk-devcontainer-tool-bootstrap.md#DI-rokuk	Replace stage-0 tool/config source inputs with URI expressions (`DECOMK_TOOL_URI`, `DECOMK_CONF_URI`) and update `decomk init` to scaffold only URI-based devcontainer values.
gofil	DI	DI-001-20260412-194342	DI-gofil	TODO/001-decomk-devcontainer-tool-bootstrap.md#DI-001-20260412-194342	TODO/TODO-jirin-decomk-devcontainer-tool-bootstrap.md#DI-gofil	Make `decomk init` refuse to write when either target stage-0 file already exists unless `-force`/`-f` is set; when refusing, do not emit alternate files and instead print a commit/force/difftool reconciliation workflow. Also add non-edit banners to stage-0 templates and reorganize README around decomk philosophy + shared-conf onboarding.
dumir	DI	DI-001-20260416-222700	DI-dumir	TODO/001-decomk-devcontainer-tool-bootstrap.md#DI-001-20260416-222700	TODO/TODO-jirin-decomk-devcontainer-tool-bootstrap.md#DI-dumir	Split stage-0 lifecycle into two explicit entrypoints by generating `updateContentCommand` and `postCreateCommand` hooks that both call `.devcontainer/decomk-stage0.sh` with phase arguments (`update-content` and `post-create` respectively).
hihob	DI	DI-001-20260416-223600	DI-hihob	TODO/001-decomk-devcontainer-tool-bootstrap.md#DI-001-20260416-223600	TODO/TODO-jirin-decomk-devcontainer-tool-bootstrap.md#DI-hihob	Use camelCase phase arguments in stage-0 hook invocations (`updateContent`, `postCreate`) instead of kebab-case.
jagaf	DI	DI-001-20260420-161700	DI-jagaf	TODO/001-decomk-devcontainer-tool-bootstrap.md#DI-001-20260420-161700	TODO/TODO-jirin-decomk-devcontainer-tool-bootstrap.md#DI-jagaf	Remove TODO subtasks `001.6` and `001.7` from TODO 001 because they are no longer valid work items.
pabul	DI	DI-001-20260421-221834	DI-pabul	TODO/001-decomk-devcontainer-tool-bootstrap.md#DI-001-20260421-221834	TODO/TODO-jirin-decomk-devcontainer-tool-bootstrap.md#DI-pabul	Track TODO `001.8` execution details in a dedicated cross-repo checklist file (`TODO/012-mob-sandbox-pilot.md`) instead of embedding those details in TODO 001.
jasoh	DI	DI-001-20260422-110600	DI-jasoh	TODO/001-decomk-devcontainer-tool-bootstrap.md#DI-001-20260422-110600	TODO/TODO-jirin-decomk-devcontainer-tool-bootstrap.md#DI-jasoh	Track shared config repo scaffolding as a dedicated follow-on workstream (`TODO/013-conf-repo-init-scaffolding.md`) and reference it from TODO 001 via a new subtask.
honob	DI	DI-001-20260422-130000	DI-honob	TODO/001-decomk-devcontainer-tool-bootstrap.md#DI-001-20260422-130000	TODO/TODO-jirin-decomk-devcontainer-tool-bootstrap.md#DI-honob	In root-make mode, make `resolveMakeCommand` prefer `sudo --preserve-env=PATH,GITHUB_USER`, fall back to `PATH`-only preserve, then plain `sudo`, while keeping dry-run and non-root modes unchanged.
solis	DI	DI-001-20260423-045924	DI-solis	TODO/001-decomk-devcontainer-tool-bootstrap.md#DI-001-20260423-045924	TODO/TODO-jirin-decomk-devcontainer-tool-bootstrap.md#DI-solis	Add a first-class `decomk version` subcommand that prints one CLI version string and rejects positional args.
linop	DI	DI-001-20260423-051500	DI-linop	TODO/001-decomk-devcontainer-tool-bootstrap.md#DI-001-20260423-051500	TODO/TODO-jirin-decomk-devcontainer-tool-bootstrap.md#DI-linop	Make `decomk init` refuse existing stage-0 targets before any interactive prompts, and change the canonical default `DECOMK_TOOL_URI` from `@stable` to `@latest`.
zofav	DI	DI-001-20260423-140628	DI-zofav	TODO/001-decomk-devcontainer-tool-bootstrap.md#DI-001-20260423-140628	TODO/TODO-jirin-decomk-devcontainer-tool-bootstrap.md#DI-zofav	Add `image` rendering support to the stage-0 devcontainer template (defaulting to a canonical base image when no build dockerfile is set), and make `decomk init` reuse values from an existing `.devcontainer/devcontainer.json` as defaults when rerunning with `-f`.
gavaj	DI	DI-001-20260423-204251	DI-gavaj	TODO/001-decomk-devcontainer-tool-bootstrap.md#DI-001-20260423-204251	TODO/TODO-jirin-decomk-devcontainer-tool-bootstrap.md#DI-gavaj	Make `VERSION` the canonical source for CLI release version, generate `cmd/decomk/version_generated.go` from it via `go generate`, add `make release-minor` backed by `scripts/release.sh` to bump minor version + commit + tag + push, and have `decomk version` default to the generated value.
bonop	DI	DI-001-20260424-190437	DI-bonop	TODO/001-decomk-devcontainer-tool-bootstrap.md#DI-001-20260424-190437	TODO/TODO-jirin-decomk-devcontainer-tool-bootstrap.md#DI-bonop	Unify repo bootstrap flows under `decomk init` with `-conf` producer mode, remove separate `init-conf` command, and make consumer identity (`DECOMK_DEV_USER`/`DECOMK_DEV_UID`) conf-driven by cloning the producer conf repo and reading `.devcontainer/devcontainer.json`.
nozok	DI	DI-001-20260424-193612	DI-nozok	TODO/001-decomk-devcontainer-tool-bootstrap.md#DI-001-20260424-193612	TODO/TODO-jirin-decomk-devcontainer-tool-bootstrap.md#DI-nozok	Use the same default devcontainer name resolution for `decomk init -conf` as consumer `decomk init`: repo root basename when `-name` is not set and no existing value is reused.
kataj	DI	DI-001-20260424-200248	DI-kataj	TODO/001-decomk-devcontainer-tool-bootstrap.md#DI-001-20260424-200248	TODO/TODO-jirin-decomk-devcontainer-tool-bootstrap.md#DI-kataj	Move privilege escalation to stage-0 startup (`sudo -n -E` self-exec), remove `decomk run` sudo/make-as-root controls, and require root for `decomk run`.
pihaz	DI	DI-001-20260424-211213	DI-pihaz	TODO/001-decomk-devcontainer-tool-bootstrap.md#DI-001-20260424-211213	TODO/TODO-jirin-decomk-devcontainer-tool-bootstrap.md#DI-pihaz	Add a stage-0 Go toolchain preflight after root escalation and use the resolved absolute Go binary path for all `go env`/`go install` calls.
lafib	DI	DI-001-20260424-215415	DI-lafib	TODO/001-decomk-devcontainer-tool-bootstrap.md#DI-001-20260424-215415	TODO/TODO-jirin-decomk-devcontainer-tool-bootstrap.md#DI-lafib	Replace `DECOMK_DEV_USER`/`DECOMK_DEV_UID` with `DECOMK_REMOTE_USER`/`DECOMK_REMOTE_UID` across init templates, init flags/prompts, stage-0 env contracts, and computed make metadata; add a pre-escalation stage-0 identity gate that fails when runtime user/uid do not match `DECOMK_REMOTE_*`.
lobin	DI	DI-001-20260425-005155	DI-lobin	TODO/001-decomk-devcontainer-tool-bootstrap.md#DI-001-20260425-005155	TODO/TODO-jirin-decomk-devcontainer-tool-bootstrap.md#DI-lobin	Standardize decomk-owned test/codespaces devcontainer identities on username `dev` with UID `1000`, and encode that explicitly in generated devcontainer/Dockerfile scaffolds (`remoteUser`/`containerUser` + no UID remap).
zopat	DI	DI-001-20260425-113454	DI-zopat	TODO/001-decomk-devcontainer-tool-bootstrap.md#DI-001-20260425-113454	TODO/TODO-jirin-decomk-devcontainer-tool-bootstrap.md#DI-zopat	Make image-level `DECOMK_REMOTE_USER`/`DECOMK_REMOTE_UID` the canonical init identity source by removing those keys (and `remoteUser`/`containerUser`) from generated producer+consumer `devcontainer.json`, keeping `updateRemoteUserUID=false`, and emitting identity in the producer Dockerfile template via `ENV` lines.
roraj	DI	DI-001-20260425-232447	DI-roraj	TODO/001-decomk-devcontainer-tool-bootstrap.md#DI-001-20260425-232447	TODO/TODO-jirin-decomk-devcontainer-tool-bootstrap.md#DI-roraj	In `decomk init -conf`, use option 2 as the canonical flow: prompt for base image (using `-image`) plus `DECOMK_REMOTE_USER`/`DECOMK_REMOTE_UID`, generate a runnable producer Dockerfile with decomk prerequisites and identity `ENV` lines, and on `-conf -f` prefill defaults by parsing existing `.devcontainer/Dockerfile` (`first FROM`, `ENV DECOMK_REMOTE_USER`, `ENV DECOMK_REMOTE_UID`).
fopat	DI	DI-001-20260427-200729	DI-fopat	TODO/001-decomk-devcontainer-tool-bootstrap.md#DI-001-20260427-200729	TODO/TODO-jirin-decomk-devcontainer-tool-bootstrap.md#DI-fopat	For image-consumer `decomk init`, switch to minimal consumer devcontainer output (`name` + `image`) with image resolution via `-image` or `-conf-url` (HTTP(S)+optional `?ref=`), keep producer-only flags recognized but misuse-checked in consumer mode (`-<flag> is only valid with -conf` + usage), and prepend an image producer/image consumer note to init help while keeping flat Go flag output.
sugit	DI	DI-001-20260428-041115	DI-sugit	TODO/001-decomk-devcontainer-tool-bootstrap.md#DI-001-20260428-041115	TODO/TODO-jirin-decomk-devcontainer-tool-bootstrap.md#DI-sugit	Print the exact make argv on stdout immediately before decomk executes make in both `plan` and `run` modes.
vikid	DI	DI-001-20260502-233406	DI-vikid	TODO/001-decomk-devcontainer-tool-bootstrap.md#DI-001-20260502-233406	TODO/TODO-jirin-decomk-devcontainer-tool-bootstrap.md#DI-vikid	Use moving git branches `testing` and `stable` as the canonical tool-install channels for this repo, keep `VERSION` git tags as immutable releases, default generated `DECOMK_TOOL_URI` to the `stable` branch, and promote branches explicitly in the order `main -> testing -> stable`.
gusab	DI	DI-004-20260422-193652	DI-gusab	TODO/004-isconf-flow-alignment.md#DI-004-20260422-193652	TODO/TODO-takoh-isconf-flow-alignment.md#DI-gusab	Treat `decomk.conf` as tuple/macro policy only (no bare literal targets), require at least one positional action arg for both `decomk plan` and `decomk run`, and pass lifecycle phase selectors (`updateContent`/`postCreate`) as explicit action args from stage-0.
miduh	DI	DI-005-20260309-172359	DI-miduh	TODO/005-decomk-log-dir-and-terminology.md#DI-005-20260309-172359	TODO/TODO-mirut-decomk-log-dir-and-terminology.md#DI-miduh	Prefer `/var/log/decomk` for per-run logs, support explicit overrides via `-log-dir`/`DECOMK_LOG_DIR`, and fall back to `<DECOMK_HOME>/log` only when the default log root is not writable; also standardize terminology on “log” (remove “audit”).
fomof	DI	DI-005-20260424-110139	DI-fomof	TODO/005-decomk-log-dir-and-terminology.md#DI-005-20260424-110139	TODO/TODO-mirut-decomk-log-dir-and-terminology.md#DI-fomof	After each `decomk run` make invocation completes (success or failure), write `/etc/motd.d/98-decomk` with a stamp/context/target summary and phase-scoped status line; if `/etc/motd.d` is not writable, write a fallback status file at `<DECOMK_HOME>/stage0/failure/98-decomk` and warn without changing make-result exit semantics.
logaz	DI	DI-005-20260424-124347	DI-logaz	TODO/005-decomk-log-dir-and-terminology.md#DI-005-20260424-124347	TODO/TODO-mirut-decomk-log-dir-and-terminology.md#DI-logaz	Record the runtime decomk binary version in `<DECOMK_HOME>/env.sh` as `DECOMK_VERSION`, exported on every `decomk run`.
jagot	DI	DI-005-20260424-131352	DI-jagot	TODO/005-decomk-log-dir-and-terminology.md#DI-005-20260424-131352	TODO/TODO-mirut-decomk-log-dir-and-terminology.md#DI-jagot	Before writing `/etc/motd.d/98-decomk`, proactively prepare the parent directory by ensuring it exists and is owned by the current user (`mkdir -p` + `chown`) so MOTD write attempts succeed in non-root devcontainer runs; if preparation or write still fails, keep fallback-to-`<DECOMK_HOME>/stage0/failure/98-decomk` warning behavior.
tuhul	DI	DI-005-20260424-141017	DI-tuhul	TODO/005-decomk-log-dir-and-terminology.md#DI-005-20260424-141017	TODO/TODO-mirut-decomk-log-dir-and-terminology.md#DI-tuhul	Replace hardcoded MOTD summary path `98-decomk` with phase-driven mapping from tuple `DECOMK_MOTD_PHASES='NN:phase,...'`, sourced from canonical resolved tuples; if the tuple is unset, or current `DECOMK_STAGE0_PHASE` is unset/not mapped, skip MOTD writes; invalid mapping is a hard error.
birig	DI	DI-005-20260424-142032	DI-birig	TODO/005-decomk-log-dir-and-terminology.md#DI-005-20260424-142032	TODO/TODO-mirut-decomk-log-dir-and-terminology.md#DI-birig	If `DECOMK_MOTD_PHASES` includes a `version` mapping (for example `88:version`), `decomk run` writes that MOTD file in addition to the phase-mapped run summary file.
jihuz	DI	DI-005-20260424-143700	DI-jihuz	TODO/005-decomk-log-dir-and-terminology.md#DI-005-20260424-143700	TODO/TODO-mirut-decomk-log-dir-and-terminology.md#DI-jihuz	Format the `version` MOTD file with a leading blank line before `decomk version:` and do not include a `runtime phase:` line.
kidaj	DI	DI-005-20260426-013218	DI-kidaj	TODO/005-decomk-log-dir-and-terminology.md#DI-005-20260426-013218	TODO/TODO-mirut-decomk-log-dir-and-terminology.md#DI-kidaj	Make decomk-managed files under `DECOMK_HOME` world-readable by default: write `<DECOMK_HOME>/env.sh` with mode `0644` and create lock files (`decomk.lock`, `conf.lock`, `stamps/.lock`) with mode `0644`.
kudam	DI	DI-005-20260429-005528	DI-kudam	TODO/005-decomk-log-dir-and-terminology.md#DI-005-20260429-005528	TODO/TODO-mirut-decomk-log-dir-and-terminology.md#DI-kudam	Render the stamp summary in each run-phase MOTD file as one space-delimited line instead of one line per stamp file.
vubol	DI	DI-006-20260416-222900	DI-vubol	TODO/006-decomk-user-customization-via-github-user.md#DI-006-20260416-222900	TODO/TODO-bitum-decomk-user-customization-via-github-user.md#DI-vubol	Treat `GITHUB_USER` as runtime-only identity data and tie user customization to the runtime `postCreate` phase, while reserving `updateContent` for prebuild/common work where `GITHUB_USER` can be empty.
pojop	DI	DI-006-20260419-114524	DI-pojop	TODO/006-decomk-user-customization-via-github-user.md#DI-006-20260419-114524	TODO/TODO-bitum-decomk-user-customization-via-github-user.md#DI-pojop	Use platform-native dotfiles support as the default path for personal user setup; keep decomk focused on deterministic repo/org policy and optional user-phase make targets.
lumos	DI	DI-006-20260419-115209	DI-lumos	TODO/006-decomk-user-customization-via-github-user.md#DI-006-20260419-115209	TODO/TODO-bitum-decomk-user-customization-via-github-user.md#DI-lumos	Make the per-user bootstrap helper non-optional for TODO 006 and explicitly choose its placement as a required design decision.
zoban	DI	DI-007-20260309-114541	DI-zoban	TODO/007-devpod-gcp-selfhost-migration.md#DI-007-20260309-114541	TODO/TODO-fuviv-devpod-gcp-selfhost-migration.md#DI-zoban	Standardize devcontainer execution on DevPod with a GCP machine provider, and migrate from Codespaces using a dual-run transition.
misov	DI	DI-007-20260309-124345	DI-misov	TODO/007-devpod-gcp-selfhost-migration.md#DI-007-20260309-124345	TODO/TODO-fuviv-devpod-gcp-selfhost-migration.md#DI-misov	Implement an automated self-test harness for local DevPod with Docker provider under `examples/decomk-selftest`, make Codespaces parity checks the next stage, and defer remote GCP-provider test automation until a later move-to-GCP decision.
libor	DI	DI-007-20260309-180029	DI-libor	TODO/007-devpod-gcp-selfhost-migration.md#DI-007-20260309-180029	TODO/TODO-fuviv-devpod-gcp-selfhost-migration.md#DI-libor	Refactor the local DevPod self-test harness so `decomk run SELFTEST_*` drives scenario execution from fixture `decomk.conf` + `Makefile` + scripts, while the outer harness only provisions a workspace and reads result files.
visin	DI	DI-007-20260309-193525	DI-visin	TODO/007-devpod-gcp-selfhost-migration.md#DI-007-20260309-193525	TODO/TODO-fuviv-devpod-gcp-selfhost-migration.md#DI-visin	Make self-test selector strings identical across `run.sh --subtests`, `decomk run` action args, and fixture tuple names (with `all` as the aggregate selector).
jidub	DI	DI-007-20260309-222412	DI-jidub	TODO/007-devpod-gcp-selfhost-migration.md#DI-007-20260309-222412	TODO/TODO-fuviv-devpod-gcp-selfhost-migration.md#DI-jidub	Make `run.sh` pass raw `decomk run` arguments into the container, use literal Makefile targets as the primary selectors, and validate executed scenarios via an in-container `executed.list` manifest instead of a selector-expansion table.
rujam	DI	DI-007-20260311-101409	DI-rujam	TODO/007-devpod-gcp-selfhost-migration.md#DI-007-20260311-101409	TODO/TODO-fuviv-devpod-gcp-selfhost-migration.md#DI-rujam	Remove harness compatibility flags and context overrides; make run.sh publish a temporary fixture config repo over git://, use a minimal production-identical postCreate hook that only sets `DECOMK_CONF_REPO` and runs decomk, and validate results by parsing container make logs for PASS/FAIL markers.
lipat	DI	DI-007-20260311-145221	DI-lipat	TODO/007-devpod-gcp-selfhost-migration.md#DI-007-20260311-145221	TODO/TODO-fuviv-devpod-gcp-selfhost-migration.md#DI-lipat	Move decomk tool/config clone-pull responsibilities into generic stage-0 postCreate bootstrap, have run.sh serve both repos over git:// and inject `DECOMK_TOOL_REPO` + `DECOMK_CONF_REPO` directly, and remove decomk core self-update/config-pull side effects from `decomk run`.
juvum	DI	DI-007-20260313-101500	DI-juvum	TODO/007-devpod-gcp-selfhost-migration.md#DI-007-20260313-101500	TODO/TODO-fuviv-devpod-gcp-selfhost-migration.md#DI-juvum	Remove `.PHONY` from idempotent selftest fixture targets and add explicit stamp regression checks (probe + verify) in the DevPod harness, plus a core `cmdRun` unit test that asserts make runs in `<DECOMK_HOME>/stamps`.
rigoj	DI	DI-007-20260313-181500	DI-rigoj	TODO/007-devpod-gcp-selfhost-migration.md#DI-007-20260313-181500	TODO/TODO-fuviv-devpod-gcp-selfhost-migration.md#DI-rigoj	Keep the aggregate `all` selftest target explicitly phony and never stamp it, while retaining stamp semantics for idempotent leaf targets.
vasip	DI	DI-007-20260412-042700	DI-vasip	TODO/007-devpod-gcp-selfhost-migration.md#DI-007-20260412-042700	TODO/TODO-fuviv-devpod-gcp-selfhost-migration.md#DI-vasip	Keep local Codespaces harness artifacts under `/tmp/decomk-codespaces.*` by default after successful runs, with an explicit `--cleanup` flag to opt into removal.
topir	DI	DI-007-20260412-043200	DI-topir	TODO/007-devpod-gcp-selfhost-migration.md#DI-007-20260412-043200	TODO/TODO-fuviv-devpod-gcp-selfhost-migration.md#DI-topir	Add root `make` wrappers for local DevPod and Codespaces selftests, including an explicit cleanup variant for Codespaces runs.
zulir	DI	DI-007-20260412-171000	DI-zulir	TODO/007-devpod-gcp-selfhost-migration.md#DI-007-20260412-171000	TODO/TODO-fuviv-devpod-gcp-selfhost-migration.md#DI-zulir	Switch selftest stage-0 fixture wiring from repo URL vars to URI vars by serving both tool/conf fixtures over `git://` and injecting `DECOMK_TOOL_URI` + `DECOMK_CONF_URI` into generated devcontainer inputs.
tihaj	DI	DI-007-20260412-230000	DI-tihaj	TODO/007-devpod-gcp-selfhost-migration.md#DI-007-20260412-230000	TODO/TODO-fuviv-devpod-gcp-selfhost-migration.md#DI-tihaj	Add a Codespaces parity harness (`examples/decomk-selftest/codespaces/run.sh`) that creates a fresh Codespace from the pushed branch under test, injects stage-0 URI env vars, runs production stage-0 bootstrap script, validates fixture PASS/FAIL markers and stamp checks, and then tears down the Codespace by default.
sovif	DI	DI-007-20260413-000500	DI-sovif	TODO/007-devpod-gcp-selfhost-migration.md#DI-007-20260413-000500	TODO/TODO-fuviv-devpod-gcp-selfhost-migration.md#DI-sovif	Make Codespaces parity harness self-contained by defaulting config source to an auto-generated fixture git repo inside the Codespace, while retaining optional `--conf-uri` override for external fixture repos.
hizim	DI	DI-007-20260413-011500	DI-hizim	TODO/007-devpod-gcp-selfhost-migration.md#DI-007-20260413-011500	TODO/TODO-fuviv-devpod-gcp-selfhost-migration.md#DI-hizim	Move Codespaces harness devcontainer config under `.devcontainer/` for API compatibility, and default harness creates to a non-interactive machine type (`basicLinux32gb`) with an explicit `--machine` override.
monag	DI	DI-007-20260413-014500	DI-monag	TODO/007-devpod-gcp-selfhost-migration.md#DI-007-20260413-014500	TODO/TODO-fuviv-devpod-gcp-selfhost-migration.md#DI-monag	Auto-resolve Codespaces machine type from the account-allowed machine list when `--machine` is unset (preferring `basicLinux32gb` when available), while retaining explicit `--machine` override with validation.
fanih	DI	DI-007-20260413-040500	DI-fanih	TODO/007-devpod-gcp-selfhost-migration.md#DI-007-20260413-040500	TODO/TODO-fuviv-devpod-gcp-selfhost-migration.md#DI-fanih	Resolve Codespaces machine choices from repo-scoped machine API first (`repos/<owner>/<repo>/codespaces/machines`), fall back to legacy user-scoped API when available, and fail fast instead of propagating API error payloads into `--machine`.
pizih	DI	DI-007-20260413-043500	DI-pizih	TODO/007-devpod-gcp-selfhost-migration.md#DI-007-20260413-043500	TODO/TODO-fuviv-devpod-gcp-selfhost-migration.md#DI-pizih	Add progress output (dot ticks with periodic elapsed time) during Codespaces discovery and SSH readiness wait loops.
tivik	DI	DI-007-20260413-051500	DI-tivik	TODO/007-devpod-gcp-selfhost-migration.md#DI-007-20260413-051500	TODO/TODO-fuviv-devpod-gcp-selfhost-migration.md#DI-tivik	Require SSH server availability in the Codespaces selftest devcontainer by enabling `ghcr.io/devcontainers/features/sshd:1`, and surface an explicit harness error hint when SSH readiness does not come up.
vavis	DI	DI-007-20260413-053500	DI-vavis	TODO/007-devpod-gcp-selfhost-migration.md#DI-007-20260413-053500	TODO/TODO-fuviv-devpod-gcp-selfhost-migration.md#DI-vavis	Reuse stage-0 environment roots (`DECOMK_HOME`, `DECOMK_LOG_DIR`) for all post-bootstrap `decomk run` checks in the Codespaces harness.
nopak	DI	DI-007-20260416-031409	DI-nopak	TODO/007-devpod-gcp-selfhost-migration.md#DI-007-20260416-031409	TODO/TODO-fuviv-devpod-gcp-selfhost-migration.md#DI-nopak	Keep the near-term self-hosting plan on stock DevPod/Codespaces behavior, and defer any fork/wrapper work (DevPod or devcontainer reference CLI adaptation to emulate prebuild lifecycle hooks via build+up+snapshot) to a later migration phase.
mutuk	DI	DI-007-20260417-135300	DI-mutuk	TODO/007-devpod-gcp-selfhost-migration.md#DI-007-20260417-135300	TODO/TODO-fuviv-devpod-gcp-selfhost-migration.md#DI-mutuk	Track image freeze/parity implementation in dedicated TODO 011 and `doc/image-management.md`, while keeping TODO 007 focused on migration sequencing and provider/platform operations.
sakuz	DI	DI-007-20260423-180202	DI-sakuz	TODO/007-devpod-gcp-selfhost-migration.md#DI-007-20260423-180202	TODO/TODO-fuviv-devpod-gcp-selfhost-migration.md#DI-sakuz	Emit explicit stage-0 and make identity markers (`uid`/`user`) in selftest flows and assert them in both DevPod and Codespaces harnesses.
movab	DI	DI-007-20260424-200248	DI-movab	TODO/007-devpod-gcp-selfhost-migration.md#DI-007-20260424-200248	TODO/TODO-fuviv-devpod-gcp-selfhost-migration.md#DI-movab	Update selftest identity assertions to require root execution for both stage-0 and make after stage-0 self-escalates.
nimok	DI	DI-007-20260424-211213	DI-nimok	TODO/007-devpod-gcp-selfhost-migration.md#DI-007-20260424-211213	TODO/TODO-fuviv-devpod-gcp-selfhost-migration.md#DI-nimok	Switch Codespaces selftest base image from `golang:1.24-bookworm` to `ubuntu:24.04` and install required bootstrap/runtime tools with apt (`golang-go`, `make`, `git`, `sudo`, `ca-certificates`).
numon	DI	DI-007-20260424-212300	DI-numon	TODO/007-devpod-gcp-selfhost-migration.md#DI-007-20260424-212300	TODO/TODO-fuviv-devpod-gcp-selfhost-migration.md#DI-numon	Pin the Codespaces selftest base image to `mcr.microsoft.com/devcontainers/base:ubuntu-24.04` (not plain `ubuntu:24.04`) and continue explicit apt installation of required bootstrap/runtime tools.
pavak	DI	DI-007-20260424-212555	DI-pavak	TODO/007-devpod-gcp-selfhost-migration.md#DI-007-20260424-212555	TODO/TODO-fuviv-devpod-gcp-selfhost-migration.md#DI-pavak	Make the Codespaces selftest Dockerfile idempotent on `mcr.microsoft.com/devcontainers/base:ubuntu-24.04` by reusing or renaming the pre-existing `uid 1000` user to `dev` instead of blindly creating a new `dev` user.
fopom	DI	DI-007-20260424-215415	DI-fopom	TODO/007-devpod-gcp-selfhost-migration.md#DI-007-20260424-215415	TODO/TODO-fuviv-devpod-gcp-selfhost-migration.md#DI-fopom	Keep the Codespaces selftest Dockerfile on `mcr.microsoft.com/devcontainers/base:ubuntu-24.04` with explicit tool installs, and enforce one identity contract: `dev` must be uid `1000`; when uid `1000` belongs to another user, rename that user/group to `dev`; fail when `dev` already exists with a non-1000 uid.
gokuv	DI	DI-007-20260424-221008	DI-gokuv	TODO/007-devpod-gcp-selfhost-migration.md#DI-007-20260424-221008	TODO/TODO-fuviv-devpod-gcp-selfhost-migration.md#DI-gokuv	Export `DECOMK_REMOTE_USER`/`DECOMK_REMOTE_UID` from in-codespace `id -un`/`id -u` in the Codespaces selftest harness before every stage-0 invocation.
husoz	DI	DI-007-20260425-110755	DI-husoz	TODO/007-devpod-gcp-selfhost-migration.md#DI-007-20260425-110755	TODO/TODO-fuviv-devpod-gcp-selfhost-migration.md#DI-husoz	Simplify the Codespaces selftest identity contract by removing harness runtime exports of `DECOMK_REMOTE_USER`/`DECOMK_REMOTE_UID`, setting those values in the selftest image with Dockerfile `ENV`, and letting the selftest devcontainer rely on image-default remote user selection.
sodoz	DI	DI-007-20260425-111219	DI-sodoz	TODO/007-devpod-gcp-selfhost-migration.md#DI-007-20260425-111219	TODO/TODO-fuviv-devpod-gcp-selfhost-migration.md#DI-sodoz	Defer all `examples/decomk-selftest/devpod-local/*` identity-source alignment changes until upstream issue `https://github.com/skevetter/devpod/issues/746` is fixed.
golak	DI	DI-008-20260412-122157	DI-golak	TODO/008-no-silent-failures.md#DI-008-20260412-122157	TODO/TODO-gamuz-no-silent-failures.md#DI-golak	Ban silent failure patterns in decomk scripts and Go code by removing `|| true`, removing explicit ignored Go errors (`_ = ...`), and adding automated verify gates.
kabut	DI	DI-009-20260413-232813	DI-kabut	TODO/009-phase-eval-lifecycle-spike.md#DI-009-20260413-232813	TODO/TODO-dahuk-phase-eval-lifecycle-spike.md#DI-kabut	Add an experimental `examples/phase-eval` harness (plus `.devcontainer/phase-eval` config) that measures actual hook execution and `GITHUB_USER` availability across `devpod build`, `devpod up`, and Codespaces paths, and emits JSON + raw artifacts under `/tmp`.
pavab	DI	DI-009-20260415-081608	DI-pavab	TODO/009-phase-eval-lifecycle-spike.md#DI-009-20260415-081608	TODO/TODO-dahuk-phase-eval-lifecycle-spike.md#DI-pavab	Sanitize generated DevPod workspace IDs in `examples/phase-eval/run.sh` so uppercase run-id fragments cannot violate DevPod naming constraints.
kumil	DI	DI-009-20260415-081704	DI-kumil	TODO/009-phase-eval-lifecycle-spike.md#DI-009-20260415-081704	TODO/TODO-dahuk-phase-eval-lifecycle-spike.md#DI-kumil	Make DevPod provider selection in phase-eval prefer read-only detection (`devpod provider list`) before attempting `provider use/add` writes.
mudub	DI	DI-009-20260415-182045	DI-mudub	TODO/009-phase-eval-lifecycle-spike.md#DI-009-20260415-182045	TODO/TODO-dahuk-phase-eval-lifecycle-spike.md#DI-mudub	Treat skipped or inconclusive phase-eval scenarios as failures by returning non-zero status for requested platforms, including Codespaces auth/prebuild-create gaps.
hizip	DI	DI-009-20260415-182210	DI-hizip	TODO/009-phase-eval-lifecycle-spike.md#DI-009-20260415-182210	TODO/TODO-dahuk-phase-eval-lifecycle-spike.md#DI-hizip	Add explicit Codespaces remote-devcontainer prechecks and capture prebuild-workflow discovery output via `run_capture` so evaluation failures are immediately diagnosable from artifacts.
dapom	DI	DI-009-20260415-182322	DI-dapom	TODO/009-phase-eval-lifecycle-spike.md#DI-009-20260415-182322	TODO/TODO-dahuk-phase-eval-lifecycle-spike.md#DI-dapom	Add explicit Codespaces prebuild workflow trigger/wait/log capture in `examples/phase-eval/run.sh`, and record hook evidence from prebuild logs separately from codespace-create logs.
zovid	DI	DI-009-20260416-154702	DI-zovid	TODO/009-phase-eval-lifecycle-spike.md#DI-009-20260416-154702	TODO/TODO-dahuk-phase-eval-lifecycle-spike.md#DI-zovid	Cross-link phase-eval findings to the deferred self-hosting runtime-adaptation decision tracked in TODO 007.14.
jahoj	DI	DI-009-20260416-222400	DI-jahoj	TODO/009-phase-eval-lifecycle-spike.md#DI-009-20260416-222400	TODO/TODO-dahuk-phase-eval-lifecycle-spike.md#DI-jahoj	Close the lifecycle spike with an explicit contract: `updateContentCommand` is the prebuild/common phase, `postCreateCommand` is the runtime/user phase, and `GITHUB_USER` is treated as runtime-only user identity data.
dopap	DI	DI-009-20260417-030759	DI-dopap	TODO/009-phase-eval-lifecycle-spike.md#DI-009-20260417-030759	TODO/TODO-dahuk-phase-eval-lifecycle-spike.md#DI-dopap	Add phase-persistent hook artifacts and strict Codespaces sequencing checks in the phase-eval harness so we can prove prebuild hook execution separately from first-boot hook execution.
vufif	DI	DI-009-20260417-031847	DI-vufif	TODO/009-phase-eval-lifecycle-spike.md#DI-009-20260417-031847	TODO/TODO-dahuk-phase-eval-lifecycle-spike.md#DI-vufif	Replace explicit `gh workflow run` dispatch for Codespaces prebuilds with polling/watching the push-triggered prebuild workflow run for `origin/<branch>` head SHA, and fix remote devcontainer existence checks to use GET semantics.
fobum	DI	DI-009-20260418-130656	DI-fobum	TODO/009-phase-eval-lifecycle-spike.md#DI-009-20260418-130656	TODO/TODO-dahuk-phase-eval-lifecycle-spike.md#DI-fobum	Add devcontainer CLI as a first-class phase-eval platform with two evidence-checked runs (`devcontainer up --prebuild` and `devcontainer up`), and rename the aggregate selector from `both` to `all` (no compatibility alias).
jazut	DI	DI-009-20260418-135200	DI-jazut	TODO/009-phase-eval-lifecycle-spike.md#DI-009-20260418-135200	TODO/TODO-dahuk-phase-eval-lifecycle-spike.md#DI-jazut	Add `onCreate` lifecycle evidence capture to phase-eval across devcontainer, DevPod, and Codespaces by wiring `onCreateCommand` in the eval devcontainer config and emitting per-scenario `onCreate_seen` fields in `summary.json`.
nikon	DI	DI-009-20260418-140800	DI-nikon	TODO/009-phase-eval-lifecycle-spike.md#DI-009-20260418-140800	TODO/TODO-dahuk-phase-eval-lifecycle-spike.md#DI-nikon	Fix phase-eval hook extraction to capture embedded `PHASE_EVAL_EVENT|...` payloads from prefixed logs, update Codespaces phase bucketing so `onCreate`+`updateContent` remain classified as prebuild before the prebuild marker exists, and emit `user_nonempty` alongside `github_user_nonempty` for each scenario.
fitis	DI	DI-009-20260419-100900	DI-fitis	TODO/009-phase-eval-lifecycle-spike.md#DI-009-20260419-100900	TODO/TODO-dahuk-phase-eval-lifecycle-spike.md#DI-fitis	Promote `/tmp/decomk-phase-eval.20260419T014758Z-3468588/summary.json` as canonical lifecycle evidence and update TODO 009 conclusions to include `onCreate` coverage plus dual identity signals (`GITHUB_USER`, `USER`) per phase/platform.
pikah	DI	DI-010-20260417-104109	DI-pikah	TODO/010-codespaces-block-prebuild-profiles.md#DI-010-20260417-104109	TODO/TODO-topan-codespaces-block-prebuild-profiles.md#DI-pikah	Model build profiles as separate devcontainer trees (`.devcontainer/BlockXX/`) where each tree contains its own `devcontainer.json` and `Dockerfile`, then select the desired profile by choosing that `devcontainer.json` in Codespaces prebuild configuration.
zumav	DI	DI-010-20260417-135400	DI-zumav	TODO/010-codespaces-block-prebuild-profiles.md#DI-010-20260417-135400	TODO/TODO-topan-codespaces-block-prebuild-profiles.md#DI-zumav	Track block profile/path selection in TODO 010, while moving freeze/parity implementation and acceptance-gate details to TODO 011 and `doc/image-management.md`.
fuzis	DI	DI-010-20260419-124830	DI-fuzis	TODO/010-codespaces-block-prebuild-profiles.md#DI-010-20260419-124830	TODO/TODO-topan-codespaces-block-prebuild-profiles.md#DI-fuzis	Drive TODO 010 execution with plain-English user stories for both DevOps engineer and Dev team member personas; defer Gherkin conversion.
ritos	DI	DI-010-20260419-130112	DI-ritos	TODO/010-codespaces-block-prebuild-profiles.md#DI-010-20260419-130112	TODO/TODO-topan-codespaces-block-prebuild-profiles.md#DI-ritos	Replace short user-story bullets with day-in-the-life narratives for both DevOps engineer and dev team member personas in TODO 010.
tidal	DI	DI-010-20260419-141822	DI-tidal	TODO/010-codespaces-block-prebuild-profiles.md#DI-010-20260419-141822	TODO/TODO-topan-codespaces-block-prebuild-profiles.md#DI-tidal	Align TODO 010 with speed-first single-path checkpoint design by referencing TODO 011 as `single-path checkpoints` and focusing profile selection on reducing prebuild/first-boot time through block progression.
kojan	DI	DI-010-20260420-160634	DI-kojan	TODO/010-codespaces-block-prebuild-profiles.md#DI-010-20260420-160634	TODO/TODO-topan-codespaces-block-prebuild-profiles.md#DI-kojan	Treat `.devcontainer/BlockXX/` subdirectories as a considered alternative that is rejected for now; use one canonical `.devcontainer/devcontainer.json` per repo and commit explicit edits when selector policy changes.
midir	DI	DI-010-20260420-215954	DI-midir	TODO/010-codespaces-block-prebuild-profiles.md#DI-010-20260420-215954	TODO/TODO-topan-codespaces-block-prebuild-profiles.md#DI-midir	Close TODO 010 via documentation by standardizing producer/consumer selector policy, maintainer workflow, and channel-follow validation evidence around the finalized TODO 011 progression (`candidate -> immutable/testing -> external test -> stable`).
bobid	DI	DI-011-20260417-135200	DI-bobid	TODO/011-single-path-checkpoints.md#DI-011-20260417-135200	TODO/TODO-luvov-single-path-checkpoints.md#DI-bobid	Adopt Option 2 (controlled local/CI freeze pipeline) as the active image-management path for decomk blocks, and explicitly track parity verification against Codespaces prebuild behavior.
palak	DI	DI-011-20260418-115406	DI-palak	TODO/011-single-path-checkpoints.md#DI-011-20260418-115406	TODO/TODO-luvov-single-path-checkpoints.md#DI-palak	Implement TODO 011.3 as a first-class `decomk checkpoint` subcommand (not an external script), using existing decomk CLI structure (`main.go` switch + `flag.FlagSet`) and running prebuild/common lifecycle via `devcontainer up --prebuild` before checkpointing with Docker.
gukuz	DI	DI-011-20260419-124830	DI-gukuz	TODO/011-single-path-checkpoints.md#DI-011-20260419-124830	TODO/TODO-luvov-single-path-checkpoints.md#DI-gukuz	Drive TODO 011 execution with plain-English user stories for both DevOps engineer and Dev team member personas; defer Gherkin conversion.
tavaf	DI	DI-011-20260419-130112	DI-tavaf	TODO/011-single-path-checkpoints.md#DI-011-20260419-130112	TODO/TODO-luvov-single-path-checkpoints.md#DI-tavaf	Replace short user-story bullets with day-in-the-life narratives for both DevOps engineer and dev team member personas in TODO 011.
zitas	DI	DI-011-20260419-141822	DI-zitas	TODO/011-single-path-checkpoints.md#DI-011-20260419-141822	TODO/TODO-luvov-single-path-checkpoints.md#DI-zitas	Reframe TODO 011 around a speed-only objective and single-path checkpoints: use the same `updateContent -> decomk run` path for both prebuilds and checkpoint image builds, and remove parity-comparator/proof-model work from active scope.
hanuk	DI	DI-011-20260420-160634	DI-hanuk	TODO/011-single-path-checkpoints.md#DI-011-20260420-160634	TODO/TODO-luvov-single-path-checkpoints.md#DI-hanuk	Split checkpoint lifecycle into explicit `build`, `push`, and `tag` subcommands with an external/manual test gate between `push` and stable-tag movement; keep source/tag inputs positional and require explicit `-m` to move existing tags.
kalab	DI	DI-011-20260420-162554	DI-kalab	TODO/011-single-path-checkpoints.md#DI-011-20260420-162554	TODO/TODO-luvov-single-path-checkpoints.md#DI-kalab	Implement `decomk checkpoint build|push|tag` as first-class CLI subcommands with JSON output, default fail-on-existing-tag semantics, explicit `-m` tag-move override, source resolution via inspect-then-pull fallback, and default checkpoint-container cleanup with `--keep-container` diagnostics escape hatch.
bavis	DI	DI-011-20260420-184053	DI-bavis	TODO/011-single-path-checkpoints.md#DI-011-20260420-184053	TODO/TODO-luvov-single-path-checkpoints.md#DI-bavis	Complete TODO 011.7 as documentation-only by defining a canonical operator/CI handoff contract (narrative + command templates + artifact contract) for `build -> push -> external test -> tag`, and explicitly defer 011.4, 011.6, and 011.8.
matar	DI	DI-011-20260420-214106	DI-matar	TODO/011-single-path-checkpoints.md#DI-011-20260420-214106	TODO/TODO-luvov-single-path-checkpoints.md#DI-matar	Defer TODO 011.5 deterministic pinning checks in the current phase, alongside already-deferred 011.4/011.6/011.8.
rahip	DI	DI-011-20260420-214841	DI-rahip	TODO/011-single-path-checkpoints.md#DI-011-20260420-214841	TODO/TODO-luvov-single-path-checkpoints.md#DI-rahip	Define 011.1 as a documented canonical single-path contract now, and replace 011.2's old block-base wording with channel/pin progression (`candidate -> immutable+testing/unstable -> external test -> stable move`) as the active rollout method.
nazof	DI	DI-011-20260420-215113	DI-nazof	TODO/011-single-path-checkpoints.md#DI-011-20260420-215113	TODO/TODO-luvov-single-path-checkpoints.md#DI-nazof	Close TODO 011.2 by adopting channel/pin progression as the canonical checkpoint rollout method and recording explicit operator handoff points for each stage.
tonal	DI	DI-011-20260424-160516	DI-tonal	TODO/011-single-path-checkpoints.md#DI-011-20260424-160516	TODO/TODO-luvov-single-path-checkpoints.md#DI-tonal	Make `decomk checkpoint build` verbose by default for devcontainer lifecycle logs, and add `-q` to suppress those logs.
kolun	DI	DI-012-20260421-221834	DI-kolun	TODO/012-mob-sandbox-pilot.md#DI-012-20260421-221834	TODO/TODO-dobup-mob-sandbox-pilot.md#DI-kolun	Use this TODO as the authoritative cross-repo execution checklist for TODO `001.8`, with each task labeled by the repository where it must be performed.
loliv	DI	DI-012-20260422-102409	DI-loliv	TODO/012-mob-sandbox-pilot.md#DI-012-20260422-102409	TODO/TODO-dobup-mob-sandbox-pilot.md#DI-loliv	Expand TODO 012 from a high-level checklist into a command-level runbook with exact shell commands and renumbered steps, including explicit `gh codespace` create/ssh/stop/delete commands.
gokom	DI	DI-012-20260423-045339	DI-gokom	TODO/012-mob-sandbox-pilot.md#DI-012-20260423-045339	TODO/TODO-dobup-mob-sandbox-pilot.md#DI-gokom	Add a first-class stage-0 failure policy (`DECOMK_FAIL_NOBOOT`) that defaults to continue-boot behavior, records deterministic marker/log artifacts under `DECOMK_HOME`, and emits MOTD hints (or a fallback hint file) when stage-0 fails.
hikil	DI	DI-013-20260422-110500	DI-hikil	TODO/013-conf-repo-init-scaffolding.md#DI-013-20260422-110500	TODO/TODO-rufiz-conf-repo-init-scaffolding.md#DI-hikil	Add a first-class `decomk init-conf` command that scaffolds a shared config repo from embedded templates, including a starter `.devcontainer` producer tree, with strict non-overwrite behavior matching `decomk init`.
hogin	DI	DI-013-20260422-143000	DI-hogin	TODO/013-conf-repo-init-scaffolding.md#DI-013-20260422-143000	TODO/TODO-rufiz-conf-repo-init-scaffolding.md#DI-hogin	Close TODO 013 by wiring conf-repo generated-file drift checks into `make check-generated` and updating README onboarding/CLI/safety documentation to treat `decomk init-conf` as the primary shared-conf bootstrap path.
migil	DI	DI-013-20260424-190504	DI-migil	TODO/013-conf-repo-init-scaffolding.md#DI-013-20260424-190504	TODO/TODO-rufiz-conf-repo-init-scaffolding.md#DI-migil	Replace standalone `decomk init-conf` with `decomk init -conf`, and keep conf-repo producer scaffolding behavior unchanged except for explicit dev user/UID prompting and metadata output used by consumer init.
gihun	DI	DI-014-20260423-201731	DI-gihun	TODO/014-apt-package-retention-strategy.md#DI-014-20260423-201731	TODO/TODO-hunit-apt-package-retention-strategy.md#DI-gihun	Treat apt package version pinning alone as insufficient for deterministic rebuilds because pinned versions can age out of upstream apt servers; run a bakeoff between a managed mirror/snapshot path and resurrecting `~/lab/apt-tar/`.
kofim	DI	DI-015-20260424-093505	DI-kofim	TODO/015-mob-sandbox-prebuild-var-perms-via-checkpoint-image.md#DI-015-20260424-093505	TODO/TODO-hukuv-mob-sandbox-prebuild-var-perms-via-checkpoint-image.md#DI-kofim	Keep decomk canonical state/log roots under `/var/decomk` and `/var/log/decomk`, do not apply interim mob-sandbox-only workarounds, and instead unblock prebuild by validating `decomk checkpoint build` on the producer path, publishing checkpoint tags to `ghcr.io/ciwg/decomk-conf-cswg`, then updating mob-sandbox to consume that image.
fazub	DI	DI-016-20260427-200729	DI-fazub	TODO/016-consumer-init-minimal-template-and-image-source.md#DI-016-20260427-200729	TODO/TODO-danih-consumer-init-minimal-template-and-image-source.md#DI-fazub	"Keep producer-only legacy flags recognized in `decomk init` but treat them as misuse in image-consumer mode: fail with per-flag message `-<flag> is only valid with -conf`, print normal init usage, and report the first offending flag in deterministic order. Keep Go's flat flag list and prepend a detailed mode note using ""image producer"" / ""image consumer"" terminology, including that the image producer repo is usually the conf repo."
tosuk	DI	DI-016-20260428-024605	DI-tosuk	TODO/016-consumer-init-minimal-template-and-image-source.md#DI-016-20260428-024605	TODO/TODO-danih-consumer-init-minimal-template-and-image-source.md#DI-tosuk	Redesign consumer `decomk init` so generated consumer `.devcontainer/devcontainer.json` contains only `name` and `image`, add consumer-facing `-conf-url` (HTTP URL) for image derivation via producer repo lookup, replace legacy consumer env prompts/flags with hard errors, and implement an explicit interactive source-selection menu for image acquisition.
zajub	DI	DI-016-20260515-082832	DI-zajub	TODO/016-consumer-init-minimal-template-and-image-source.md#DI-016-20260515-082832	TODO/TODO-danih-consumer-init-minimal-template-and-image-source.md#DI-zajub	Treat a consumer repo's selected checkpoint image as the authority for embedded decomk lifecycle metadata, including stage-0 hook commands and the image metadata values for `DECOMK_TOOL_URI` and `DECOMK_CONF_URI`.
hokan	DI	DI-017-20260507-133819	DI-hokan	TODO/017-channel-branch-rendering-and-promotion.md#DI-017-20260507-133819	TODO/TODO-punab-channel-branch-rendering-and-promotion.md#DI-hokan	Add a first-class `decomk branch render` command that reads a repo-local `.decomk/channels.json` registry, selects a channel from the current git branch or an explicit flag, renders `.devcontainer/devcontainer.json`, and supports `-check` for stale-render detection.
kalih	DI	DI-018-20260507-153000	DI-kalih	TODO/018-rendered-devcontainer-comment-preservation.md#DI-018-20260507-153000	TODO/TODO-dajos-rendered-devcontainer-comment-preservation.md#DI-kalih	Add registry-owned generated-field comments to `decomk branch render` using a `devcontainer.comments` registry field keyed by rendered top-level devcontainer field name.
hikit	DI	DI-018-20260507-204852	DI-hikit	TODO/018-rendered-devcontainer-comment-preservation.md#DI-018-20260507-204852	TODO/TODO-dajos-rendered-devcontainer-comment-preservation.md#DI-hikit	Implement `devcontainer.comments` with `github.com/tailscale/hujson` AST mutation, preserve the current rendered layout, validate comment keys against the selected channel's actual rendered top-level fields, and update module metadata only via `go mod tidy`.
lutuj	DI	DI-018-20260507-210842	DI-lutuj	TODO/018-rendered-devcontainer-comment-preservation.md#DI-018-20260507-210842	TODO/TODO-dajos-rendered-devcontainer-comment-preservation.md#DI-lutuj	Keep the hujson-required Go minimum at the first patch-qualified Go 1.23 release by setting the module directive to `go 1.23.0`.
fisof	DI	DI-019-20260510-111726	DI-fisof	TODO/019-image-owned-go-toolchain.md#DI-019-20260510-111726	TODO/TODO-vimoj-image-owned-go-toolchain.md#DI-fisof	Make decomk-owned bootstrap images responsible for selecting and constraining the Go toolchain, including image-level `GOTOOLCHAIN=local`, while stage0 only consumes the image-provided `go`.
divaf	DI	DI-019-20260510-112226	DI-divaf	TODO/019-image-owned-go-toolchain.md#DI-019-20260510-112226	TODO/TODO-vimoj-image-owned-go-toolchain.md#DI-divaf	Supersede the narrow TODO 018 toolchain-name mitigation with image-owned Go 1.23 package selection and image-level `GOTOOLCHAIN=local`.
fudok	DI	DI-019-20260510-113632	DI-fudok	TODO/019-image-owned-go-toolchain.md#DI-019-20260510-113632	TODO/TODO-vimoj-image-owned-go-toolchain.md#DI-fudok	Use the module directive `go 1.23`, not `go 1.23.0`.
hibav	DI	DI-019-20260510-114103	DI-hibav	TODO/019-image-owned-go-toolchain.md#DI-019-20260510-114103	TODO/TODO-vimoj-image-owned-go-toolchain.md#DI-hibav	Expose the image-owned Go 1.23 toolchain through `/usr/local/bin/go` and `/usr/local/bin/gofmt` symlinks in decomk-owned Dockerfiles.
mogov	DI	DI-019-20260513-221053	DI-mogov	TODO/019-image-owned-go-toolchain.md#DI-019-20260513-221053	TODO/TODO-vimoj-image-owned-go-toolchain.md#DI-mogov	Close TODO 019 as decomk-side provenance only; move ongoing production image toolchain policy ownership to the `decomk-conf-cswg` repo.
